EPAssetsId,TVD
2587301,1889.4745999999984
2608978,1837.5487000000016
2608702,3053.1297000000004
2614267,3048.340200000002
2608700,3045.3877000000007
2592016,3297.5215999999996
2603236,2260.4965000000007
2590297,2229.000100000001
2600589,2255.710500000002
2590161,1863.9986999999974
2612877,2019.1894999999995
2617665,1939.535100000001
2605862,3702.8889000000026
2605864,3685.1772000000033
2588654,3668.175400000002
2613032,3143.247600000001
2613030,2976.4206999999997
2602570,3228.481800000001
2606002,3652.916599999997
2588646,3663.6397999999963
2606001,3590.602599999996
2588645,3666.3745999999974
2597870,3797.66
2588644,3763.449800000002
2597868,3804.864199999997
2615570,3148.2847
2588006,2107.970199999999
2588560,3231.8815999999993
2604840,3093.5181299999995
2588559,3217.610799999997
2599085,3118.2802000000006
2601942,3030.206199999997
2601940,3020.393999999998
2606892,3110.5325199999993
2605277,3069.809933333335
2605276,3067.960000000001
2606893,3107.17415
2595453,3071.9172999999987
2595357,3034.6168000000016
2592260,3069.1445000000026
2606839,3080.2958999999996
2605908,2943.278500000002
2582227,1833.9825000000017
2592613,3019.396000000001
2592614,3017.671799999995
2613273,1974.1066
2613266,1943.5484999999992
2620661,1923.7246999999975
2589100,3269.2735999999986
2587042,3435.6104000000014
2587044,3422.870400000001
2614348,3310.489600000002
2614349,3230.763
2611031,3220.6375
2611030,3193.902
2611029,3207.082900000002
2583655,3347.509099999998
2594251,3042.4602999999984
2610536,3230.5198999999993
2588598,3499.0873000000033
2591476,2109.8213999999994
2594830,3437.7415
2610608,3209.772100000002
2614282,2107.663700000002
2591385,2177.7130000000025
2595825,2949.4501000000014
2594253,3061.6678999999967
2621404,1888.7530999999994
2621405,1836.5671
2597630,2782.317199999996
2591425,3012.4099000000015
2612450,3028.230900000001
2595464,3032.1210999999953
2595358,3050.874099999999
2595502,2971.8805000000016
2592596,3042.9278999999974
2592595,3016.7428999999993
2595520,3155.8451000000014
2595726,3050.7915999999987
2595824,2914.7423000000017
2594318,3086.5314000000003
2592611,3023.241799999997
2611811,3240.030499999999
2588673,3770.890500000004
2604835,3195.6675999999993
2579263,3168.406299999996
2579254,2508.5784
2598594,2629.229300000002
2587418,3378.8012
2605687,3182.3616000000015
2589965,3149.617400000001
2589102,3310.583300000002
2587067,3355.9629000000027
2587068,3206.4539999999993
2605896,3355.140800000002
2605897,3324.0487000000016
2605898,3333.062200000002
2620015,3355.9882999999995
2605902,3216.5481000000013
2591509,2641.921099999998
2583613,2599.5641999999953
2603286,2324.4638000000014
2587441,3581.371199999998
2585367,1959.9021999999998
2607751,1843.6519000000012
2601100,1854.611800000001
2615115,1893.7080000000008
2601104,1874.7320999999997
2603914,2335.0951000000027
2597073,2303.558700000002
2597961,2627.422000000003
2606753,2509.2443999999964
2595796,2692.1053000000034
2595439,2435.0611000000017
2619297,2917.1629000000003
2597084,2921.501399999998
2609884,2665.3146
2592057,2795.9591999999975
2609882,2429.4225
2616583,3001.3379000000023
2616319,2734.540999999998
2583876,2621.9013000000004
2589128,3002.623400000001
2602783,2505.411600000001
2624400,2656.8517999999976
2583886,2395.011100000002
2612239,2537.009199999997
2606740,3243.740800000001
2606749,3187.3865999999985
2608821,2929.3081000000025
2592926,3362.3259999999996
2592927,3426.734899999998
2617486,3348.9829000000013
2595508,3142.3842000000022
2595507,3143.996799999998
2596738,3164.227899999998
2596734,3180.034000000001
2596730,3187.639800000002
2607801,3091.2204
2607805,3110.8860000000027
2607804,3091.2204
2596938,3296.6223999999947
2596940,3311.100699999996
2582200,2958.7500000000027
2606742,3212.4791999999993
2606738,3243.3010999999988
2610487,3305.0957999999996
2587314,2944.133199999998
2587316,2957.0558000000024
2613354,2925.869900000004
2613363,2840.4416000000015
2613361,2907.136000000001
2613359,2915.1747000000014
2599399,2907.4760000000015
2593287,2911.9979000000008
2607435,2864.395600000003
2612170,3278.6256999999996
2597849,3113.816900000001
2612212,3286.028900000001
2612163,3294.470000000001
2597729,3258.9426000000003
2597725,3265.789900000001
2597730,3216.0855000000033
2597731,3216.450300000003
2607547,3441.4010999999987
2607549,3426.6509
2607618,3056.959800000001
2607999,3358.6703999999986
2604693,3284.5073999999986
2622512,3269.1138999999994
2602005,2305.9937000000027
2616320,2713.5753000000013
2607712,2207.281799999997
2615996,3120.275099999996
2616046,2957.512000000001
2609876,2727.1680999999994
2595963,2606.2527000000027
2595964,2604.9617000000026
2611694,2803.3176000000026
2610427,3118.1538999999993
2621837,2951.406400000001
2610428,3115.1174000000024
2619703,2700.949499999998
2589171,2472.3219999999997
2595435,2467.890100000001
2600500,2414.0471999999995
2600499,2400.0751999999998
2611092,2360.658000000001
2607522,2864.395600000003
2611889,2790.8672000000015
2580288,2866.108000000002
2583789,2718.1219
2595682,3130.3194
2604361,3240.3667000000023
2604849,2341.8154000000022
2602650,2757.9044999999987
2602068,2751.4346999999993
2603990,2352.8033000000014
2619759,2495.053800000001
2618355,2471.316699999999
2618353,2386.2198999999982
2618352,2425.0463
2618357,2499.2883999999995
2589132,2500.3524999999995
2615073,2567.6575000000016
2615047,2664.674500000003
2601556,2580.560399999999
2617125,2207.6893
2617178,2246.6193999999987
2611016,2505.731900000001
2594858,3003.358540000001
2615000,3013.163897142858
2615001,3528.3672999999994
2608867,2910.4381000000035
2613147,2503.734799999997
2594267,2607.626600000002
2609819,2131.2336999999993
2609818,2177.478500000003
2598769,2172.2840999999994
2598098,2430.030499999997
2599006,2190.867799999998
2598099,2270.9527999999978
2611241,2196.981299999997
2605282,2261.783400000001
2611239,2244.9775000000022
2598189,2342.3665
2609562,2143.794400000001
2607916,2270.892299999997
2609817,2201.628499999997
2609816,2252.3813999999975
2586970,2605.3405000000025
2605656,2568.235400000001
2595345,2568.7238
2595348,2616.164400000001
2605801,2579.7993000000024
2595347,2550.747400000001
2613146,2519.303599999999
2614221,2450.4644999999964
2612293,2507.5227000000023
2597851,2781.9348999999984
2618672,2648.8925000000045
2618673,2633.8220999999967
2614218,2576.1635999999985
2595449,719.6690000000001
2594874,1847.9120999999996
2607456,1829.4022000000018
2605988,2238.6737999999987
2605987,2224.8591000000006
2606050,2221.7019000000005
2610964,739.9555000000006
2597799,812.8224000000002
2610716,807.0610999999999
2614072,870.4357000000002
2600493,889.8902999999998
2587223,899.4917999999992
2585537,990.0821999999997
2599274,886.833800000001
2605297,890.3776999999986
2622019,866.8533000000011
2594180,872.009700000001
2595649,958.7431000000004
2595650,961.2305000000005
2579208,664.8653999999998
2595580,710.1629999999998
2595577,716.8065999999992
2596858,723.2464000000001
2595578,720.8786
2595576,718.9709999999997
2595444,719.5882000000003
2603188,902.3329000000001
2613099,890.9580000000001
2594895,824.6629000000008
2622863,858.8738000000008
2614777,860.2136999999999
2589751,845.1780000000005
2594169,813.865400000001
2617180,890.1873999999998
2620586,894.7004000000001
2617171,3016.0073000000016
2617170,3090.197000000002
2616743,743.7299000000007
2591338,731.5817999999998
2604368,731.3680999999997
2591339,711.1203
2597512,682.5715000000005
2594301,741.6734000000002
2594279,739.6047800000005
2594303,738.5399800000004
2602069,745.5911000000001
2602129,729.5261000000002
2588808,735.5070000000004
2598012,728.7126999999999
2599018,725.8220999999998
2612594,891.0471999999986
2620574,880.1907999999997
2620573,880.2508
2612596,890.903899999999
2614922,873.6405999999998
2587184,882.5201000000001
2598013,725.5227999999995
2613054,897.7706999999984
2599201,901.373700000001
2608712,896.253600000001
2608626,900.0093999999995
2621487,897.7330999999991
2621486,898.7928999999997
2622356,875.8516999999989
2614776,860.2136999999999
2588800,887.6298999999996
2620932,891.8355
2599206,895.6044999999996
2599204,897.5320999999999
2620571,880.6521999999999
2620569,885.7021000000002
2591341,738.4799000000002
2622973,757.4660999999993
2595655,735.8221000000002
2592538,745.3053
2594917,831.187399999999
2596151,825.0091000000002
2606673,1860.4327999999978
2601043,1844.6857999999972
2591282,1809.7791000000009
2595388,1885.8132000000012
2598992,1837.246000000001
2607614,1865.0847999999978
2607457,1829.269500000001
2608862,1836.0074000000016
2608974,1873.9183999999996
2608975,1834.0079000000014
2598954,685.8717999999985
2594173,714.4975
2595588,710.3821000000003
2596818,706.2524000000006
2596819,706.5090000000007
2596829,708.3128000000003
2595585,707.4753000000007
2595583,711.6557999999999
2596828,706.3667000000008
2600798,728.7152000000003
2600788,726.0538000000006
2600787,724.0458999999993
2600794,714.2025000000001
2600800,729.0470000000004
2593763,726.1287000000001
2593761,727.0907000000001
2594219,710.5610000000005
2597659,673.8032000000004
2600510,669.1532999999993
2595541,715.2056000000001
2595538,670.0754000000004
2595536,715.2077999999996
2595443,715.2887
2602623,688.4339999999997
2612739,1084.5703999999996
2603248,2165.0510999999988
2616334,888.7248000000005
2604256,886.0129999999995
2603926,892.1769000000002
2609390,895.3854000000003
2613393,900.8341999999991
2611669,902.5305000000006
2611668,891.2003999999996
2616375,900.0819999999995
2616374,898.4265999999988
2600760,884.4381000000005
2596704,890.0933999999993
2596812,895.3128000000003
2596703,906.9915999999987
2614780,889.0437999999986
2602544,875.4782000000004
2613056,900.5463999999992
2613097,899.1751999999993
2594889,917.1456000000003
2594210,914.5575000000001
2604252,884.7833000000005
2600544,860.8490999999991
2596907,864.046099999999
2600543,867.5051000000001
2605200,2208.665300000001
2622994,785.2812000000006
2607824,2066.503599999999
2609544,2039.280500000001
2614947,802.1193000000001
2615547,2216.5515999999993
2605199,2220.283600000001
2613149,2217.6262000000015
2613148,2221.166500000001
2609560,2215.224299999999
2605990,2222.591499999998
2582835,2187.499399999996
2582783,1024.4343000000001
2610571,2091.876399999999
2610572,2102.2467999999994
2611655,2119.303199999999
2603264,2196.6320000000005
2598145,2235.501199999997
2603263,2175.4915999999985
2598192,2179.372099999997
2591564,2242.658399999999
2595491,2250.3997000000004
2615054,2228.1325000000006
2609558,2196.1551999999983
2589437,2242.8618999999994
2598093,1717.369599999999
2600635,899.2766999999997
2622331,896.0403
2594386,981.2428000000011
2598092,1020.8901999999995
2592573,1018.4700999999998
2615090,743.2954000000005
2593747,732.8844999999998
2603243,749.2542499999997
2600566,760.4273999999998
2621723,759.2353999999993
2600565,753.8810000000007
2603246,748.5364400000002
2603245,751.62344
2604034,2226.7272
2621971,898.8144000000004
2599220,880.2986000000004
2596717,882.5790999999999
2603857,900.9979999999997
2605086,914.9183999999998
2603856,892.5138999999998
2600958,891.3697999999994
2611661,825.916100000001
2619828,808.7126999999999
2619827,795.2192000000001
2619831,820.2194999999999
2611636,792.7820999999999
2607536,780.3920999999996
2607538,784.7479999999996
2594273,737.1477999999995
2619267,2503.3380000000016
2612786,908.9325999999996
2619573,899.9225000000002
2612864,888.5957999999987
2615554,897.4733999999996
2615553,897.1902999999998
2604077,881.8496000000004
2613258,887.6100999999994
2587172,765.9978000000001
2614862,898.9119000000005
2608639,720.7513000000004
2612069,740.9443999999993
2606682,702.6755
2608466,750.2150000000005
2587177,699.9438999999999
2621844,885.7602999999988
2603216,895.9175000000009
2613403,895.6996999999996
2619582,891.9666999999992
2619583,892.0099999999994
2621058,1127.3578000000002
2621039,894.3585
2606799,2087.4970000000026
2592203,772.7573000000001
2621409,3092.6463216666666
2611616,2207.7405
2601053,2325.9144999999985
2602279,2895.920100000001
2594429,3052.336900000003
2623760,3264.9454999999994
2620026,2558.6649999999995
2624467,2659.7724
2611587,2460.2281
2607365,2375.3462000000004
2608041,2347.1687000000015
2620827,3027.1837999999975
2611039,1867.1847000000014
2600717,2519.9710999999998
2609810,1982.2783999999986
2610649,2561.970500000001
2612655,737.3584999999991
2605781,2207.3064000000004
2618241,2242.8520000000017
2602618,2671.0833999999977
2612438,2719.686399999999
2614213,2549.9819000000007
2584124,2366.445500000002
2616685,2257.4965000000016
2599397,3066.428100000001
2615087,2304.832800000002
2617444,2289.724400000001
2617443,2295.076400000001
2617515,2270.387300000001
2622945,763.0608000000003
2613580,2645.8823
2613298,2650.677100000001
2622971,741.387
2596987,2972.366600000002
2589724,691.3120000000002
2589116,685.4540999999997
2587657,736.7058999999998
2589115,741.0054999999993
2587185,881.6523999999997
2581716,689.3969000000003
2591755,691.6704999999995
2609820,708.3139999999999
2598014,718.5630000000003
2586930,713.3820999999999
2587190,700.079
2587181,893.3301999999993
2587191,702.9644000000001
2608840,763.8795000000011
2588802,751.3188000000002
2596688,752.7086999999996
2617295,743.2033000000005
2613295,744.8432000000005
2612677,720.6787999999999
2615857,749.9921500000003
2615858,752.2908500000002
2585068,845.3423000000004
2594335,845.0946000000004
2587651,830.9835999999991
2591839,692.4200000000004
2612737,908.8152000000013
2612738,870.7645000000015
2597801,869.1449000000014
2607713,1872.9078
2622962,2163.682300000002
2615771,2125.386599999998
2604793,2521.9306999999976
2618520,2414.4665999999975
2617184,2409.413499999997
2577139,2552.7244000000005
2594270,2555.121300000003
2607691,2453.756100000004
2612883,2513.4860999999974
2612809,2519.4874
2589813,2051.5651000000016
2619139,2105.2789999999973
2596809,2092.482599999999
2616556,2247.2333000000012
2596845,2172.0506000000023
2616589,2231.4401000000007
2616310,2202.237400000002
2591913,2441.5209000000027
2584315,2325.219699999998
2589160,2276.9030999999986
2615714,2229.069600000001
2615660,2229.0305999999996
2591928,2338.173999999998
2591902,2289.944099999999
2591901,2244.038199999998
2620630,2181.8700999999987
2620628,2185.5012999999985
2606900,2264.632199999998
2601444,2133.4668000000015
2620205,2405.2866
2621562,2519.009300000003
2605394,2524.320499999999
2618444,2508.759199999996
2619146,2128.2949
2606901,2180.4145999999964
2614099,2202.251
2618690,2200.3825999999985
2618689,2203.6545999999985
2609644,2230.0874999999996
2618363,2168.5258999999983
2587839,2556.585700000001
2608983,2449.342400000001
2619738,2385.2839000000026
2595670,1733.0724999999998
2612805,2502.944399999997
2593052,2016.055699999998
2606864,720.1685999999999
2612426,2079.2509
2620228,2532.741199999998
2604857,2136.8641999999973
2607464,708.0970999999992
2598629,716.5153000000007
2612685,710.6477999999995
2607591,711.6798000000007
2622796,2304.8010000000013
2622797,2271.3694
2594293,759.7996999999999
2594281,759.3024
2605059,703.5569000000005
2604756,789.2553999999999
2605866,743.5993400000003
2597893,754.8387999999992
2597896,747.6913999999992
2597894,750.213399999999
2604944,792.9093999999996
2611720,2659.2224000000006
2603260,2336.5665000000013
2603126,710.0973999999998
2611698,769.7366999999999
2590384,2877.8795000000014
2600454,778.8632999999998
2600452,781.1360999999997
2611696,695.1599999999997
2610691,705.6938999999999
2616350,3040.799399999999
2592532,3423.1482999999985
2606666,3466.3498999999974
2615107,3400.0951000000023
2607752,2491.7461000000026
2595798,2334.6975000000016
2590757,2308.6914000000006
2600627,2613.1600999999987
2580750,3325.2927999999993
2602671,2665.734849999997
2615526,2450.127599999997
2597804,2476.7533000000026
2615517,2428.296499999998
2581279,2432.100699999997
2618296,3125.3305000000023
2618298,3110.7516000000014
2613348,3222.298999999999
2614266,3043.779600000003
2613349,3224.666000000002
2613351,3159.1300999999994
2614283,3048.478800000005
2614284,3002.3523000000046
2617569,3362.6325000000015
2617568,3415.9561000000044
2622272,3286.129600000002
2619384,3359.584899999998
2617455,3249.194600000003
2613173,3252.455400000002
2619356,2952.9595
2620162,2125.9688999999994
2620163,2131.6516999999985
2621587,3262.8205
2618663,3212.1348999999987
2607534,3351.3755000000037
2620744,3156.4638
2620745,3164.0381999999954
2621716,3416.866499999998
2615930,3245.6333000000013
2615933,3264.663299999998
2615844,3228.5099000000005
2622413,3320.810900000001
2621297,2117.553800000002
2619796,2770.4639999999995
2616496,2118.544499999999
2588564,3237.1725999999985
2589151,3192.0208000000002
2585736,3190.8036000000006
2601509,3302.0490999999997
2607525,2251.1501
2607523,2260.1645000000008
2591925,2514.144899999998
2586205,2477.123700000002
2586617,2477.123700000002
2605055,2129.1294999999986
2605054,2108.1937999999973
2611363,2160.8974
2614258,2463.3995999999975
2592056,2674.3494000000005
2597886,2754.307899999998
2595777,3146.7178000000004
2605130,3055.9444999999996
2609880,2689.132800000002
2609556,2756.2473000000023
2618512,2696.1876
2586662,3153.8758999999995
2592122,3286.9226000000035
2586665,3180.2983999999997
2586664,3190.3670999999995
2587999,3221.3123000000037
2588000,3220.065200000003
2602699,3313.9343000000003
2602696,3224.691300000004
2604678,3329.8048999999983
2598615,3325.2999999999975
2605082,3332.018500000001
2582210,3261.5733999999998
2597844,3362.042499999998
2588573,3351.5868000000028
2600438,3370.1414999999997
2600437,3319.9169999999976
2602032,3444.353699999998
2600749,3330.3408999999974
2589778,3387.728299999999
2593733,3181.9956000000016
2606014,3203.896600000001
2595550,3849.581700000001
2595553,3835.7895000000017
2582134,3723.9690000000037
2609905,3947.362800000007
2609911,3950.1695000000022
2591314,3488.0342000000014
2591311,3709.907999999998
2607743,3176.0669000000007
2607742,3176.0669000000007
2607836,3065.6168
2600622,3079.6640000000016
2585782,3118.2117
2588583,3076.0548
2588586,2974.6862000000006
2595021,3116.4311
2602290,2952.9595
2595019,3071.3879
2602293,2908.2576999999997
2607793,3149.005299999998
2607790,3149.7665000000015
2614299,3108.0860000000016
2602286,3084.2754000000014
2602285,3113.368400000002
2601584,3226.3449999999984
2589125,3206.5562000000036
2589126,3205.328500000002
2589121,3190.723599999999
2589954,3144.189899999998
2589955,3147.560999999998
2600435,3118.989899999999
2600434,3105.592899999999
2592120,2950.732399999997
2587317,2756.0797000000007
2603177,2882.7838999999976
2603180,2953.1944
2605972,2972.1226000000006
2583762,3045.123100000001
2596895,3052.1782000000026
2596017,3098.4207000000024
2588010,3014.348600000001
2588013,3012.2141000000015
2588015,2995.4248000000025
2614351,3165.1184999999973
2613442,3169.3731999999995
2607749,3188.0572000000025
2607750,3175.5029999999997
2606016,3105.7473
2606021,3167.6639000000014
2601108,3269.840800000001
2591319,3088.3370999999966
2596021,3059.2859000000003
2591318,3088.9681000000037
2591593,3393.1019000000033
2592115,3156.064899999999
2608656,3119.4217999999964
2602693,3277.203700000002
2602695,3260.4949000000015
2614274,3405.8718999999965
2607812,3116.1080000000015
2586989,2974.811600000001
2586992,3161.521200000003
2607810,3145.0324999999975
2582234,3090.9576
2589095,3132.5397999999973
2582190,3131.907439999999
2593698,3247.637800000001
2593695,3250.1553999999974
2589656,3276.788699999999
2589655,3282.373499999994
2606838,2198.0772000000024
2608865,3405.1789000000012
2580120,3101.407700000003
2585295,2790.3100000000013
2590429,2794.8152999999984
2595640,2804.114
2597120,2767.0329999999985
2595637,2770.9666000000043
2588683,2779.6998999999987
2600465,2761.7214000000026
2608371,2880.8821000000007
2598989,2878.1834999999987
2588070,2666.9839999999995
2585297,3308.845900000002
2588601,3175.2413999999985
2598136,3099.4023999999963
2595775,3050.672599999997
2614301,3105.7851000000005
2592565,3029.6958999999997
2592560,3075.5392000000015
2588623,3120.1863000000017
2588624,3108.641400000001
2589028,3054.015400000004
2583737,3129.4185366666643
2614837,2991.0890999999997
2599435,2775.195400000001
2605270,2768.2628999999997
2595638,2785.806099999996
2606960,2923.058799999999
2615709,2960.6291999999985
2590290,3335.3470999999968
2616941,3168.8355000000024
2615645,3405.900899999997
2619421,3310.603299999997
2586746,3947.6978000000026
2597118,2796.3013000000005
2586747,3947.1952000000047
2595617,3946.852700000006
2583665,3822.0812999999953
2583666,3856.4712999999947
2618311,3300.245300000001
2583670,3213.6947000000027
2616414,3458.932300000003
2605761,3207.604899999999
2604358,3352.4918999999995
2604207,3351.4374999999995
2608606,3469.9365999999995
2617452,3255.6333000000027
2591500,3260.638899999999
2600672,2912.3035999999993
2590550,3347.007099999996
2609971,2964.3125999999984
2609970,2971.1431999999973
2603233,3028.575899999999
2603232,3028.575899999999
2599081,2885.8313
2607611,2757.1998000000003
2604968,3582.294928571427
2609955,3002.6355000000026
2615825,3300.247599999997
2609957,3014.127000000002
2591916,2927.506400000001
2596111,2781.4997000000003
2595646,2926.0399999999995
2594286,2901.468500000001
2603282,2381.0638999999987
2593391,2398.4197000000004
2597888,2870.378099999999
2614847,2243.184199999998
2604292,2283.8256999999985
2602267,2249.8208999999983
2615961,2462.865899999999
2615997,2377.1829000000002
2605131,3016.1308999999956
2597902,3018.0356
2595838,2616.8588000000013
2595619,2728.176500000003
2609802,3172.768500000002
2616895,2399.4854000000005
2611875,2695.2646000000036
2609934,2684.8793999999975
2609879,2634.282899999999
2588539,2399.003000000001
2601587,2574.6728000000007
2602785,2562.7673999999997
2591478,2552.771899999999
2591479,2655.4454999999957
2589673,2611.1574999999966
2601490,2732.6829000000025
2585804,2594.6635000000015
2611089,2895.4397000000063
2602274,2882.9706000000024
2599091,2834.1591
2611888,2947.7498000000005
1150299,714.6017000000002
1150302,718.4197999999991
1150519,696.3690000000009
1150722,753.2212000000009
1151333,693.0943999999995
1152601,706.925799999999
1152613,710.4035000000005
1151317,705.3435000000001
1151460,714.7167000000002
1151668,696.7791999999997
1151113,691.3438000000001
1151316,703.3832000000001
1150367,714.6861
1150598,712.2660000000002
1151219,725.6116999999997
1151465,645.6258999999991
1151461,716.0356000000006
1151708,729.7635999999994
1151117,679.0748000000002
1152738,697.8308000000003
1152602,740.0772000000007
1152744,696.0717999999996
1152151,707.1666999999999
1151952,701.3005999999992
1150368,723.3657999999995
1150617,718.5264
1166224,724.0745999999994
1164938,696.2412000000011
1166316,752.1316999999991
1161886,714.6809000000007
1163410,746.9793
1170229,639.7662000000009
1171017,638.4078999999995
1168463,733.5111999999995
1173842,749.8961999999996
1161504,717.8406999999996
1151664,708.1250999999996
1151956,724.5844000000003
1166809,736.0642000000007
1167054,643.6235
1172038,738.2280999999998
1145472,712.1912999999997
1167853,723.3985000000004
1165192,717.7635999999994
1162581,684.9969999999995
1149118,722.3319000000004
1170979,749.3591999999999
1151116,678.9919000000003
1151329,690.1944000000007
1151326,698.8069999999998
1145496,737.0495
1163047,696.0425999999997
1150536,704.0656000000012
1150967,733.9896000000002
1169876,727.5156999999994
1161710,681.6464000000001
1151469,692.1321
1161455,676.9024999999998
1150603,711.5769833333338
1169261,760.7190000000008
1149172,735.9290000000002
1151075,713.5682000000008
1151242,721.7960999999999
1151331,695.9558000000003
1151731,721.1702999999999
1152258,688.4265999999998
1151517,712.8006999999993
1151744,669.3730999999997
1151710,722.4992000000001
1149735,720.7215000000003
1150524,690.1394000000007
1150933,719.1197999999999
1151697,717.324100000001
1151732,716.3303000000003
1151944,705.0584999999998
1152199,713.8920000000005
1152471,597.7984000000005
1152600,712.6284000000009
1170565,685.9155999999996
1171039,638.6675999999997
1163105,682.9319000000006
1163485,742.0140000000004
1163535,706.7221000000001
1165256,710.5741
1167181,743.4075999999998
1167385,725.0344999999991
1165305,702.6388999999998
1165304,646.1084999999995
1167894,732.0883000000005
1165514,705.1584000000003
1151387,745.9479000000001
1162799,706.2287999999993
1163018,727.2202999999994
1150576,711.9000000000005
1152766,683.2676999999994
1152767,684.0919999999994
1169183,671.7195999999992
1166331,686.8876999999998
1168155,641.3307000000007
1163524,728.1025
1169595,728.5725000000004
1166197,677.5968999999998
1173699,746.6461999999998
1171338,699.6217000000003
1163701,684.3326999999995
1174351,687.9144999999993
1174682,696.5945999999993
1161238,737.8361000000001
1151896,708.0084999999998
1152245,729.4201000000007
1161676,697.3789000000004
1161746,705.3337000000001
1152553,754.4515999999998
1172280,717.5899000000002
1167063,735.9729
1166820,736.6033000000008
1164247,679.6571999999993
1169657,794.1166000000003
1166910,726.4442000000008
1171337,694.9771999999997
1150334,730.2588
1160897,704.0594000000002
1161143,731.7355000000003
1163221,725.3645000000006
1163487,713.5438000000004
1161585,716.3492000000006
1165077,726.5569999999992
1163085,704.0461000000001
1165572,723.6648000000002
1163051,698.9905000000005
1172542,693.1187999999996
1164172,649.5413000000008
1169889,725.7470999999999
1170057,675.9268999999993
1171351,706.4620999999997
1169336,696.9825000000003
1173371,698.5110999999996
1161482,731.4658999999999
1171725,698.3455000000001
1169753,726.0371999999994
1170559,744.5318999999997
1171721,649.8261999999997
1171795,734.8781000000002
1171726,698.4956
1149783,725.3822999999998
1172133,733.2500000000005
1152643,734.4862999999998
1159965,759.5944000000006
1172131,629.5444999999994
1150968,722.1285999999997
1169549,750.4645000000003
1167826,715.2595000000008
1166044,689.1462000000008
1170748,732.2715999999996
1166592,733.1372999999999
1162320,752.6628999999999
1162695,606.3552000000003
1171086,684.3666000000001
1173088,682.6433000000006
1150671,729.1532333333327
1151508,696.2873999999995
1166633,607.3077000000001
1162721,635.5537000000005
1162719,640.8979000000004
1162738,701.9051999999997
1162821,710.3276999999997
1163813,689.8943
1164169,718.9886000000001
1161431,695.2903000000007
1161801,709.3863999999995
1163240,731.1186999999992
1166485,712.7325000000008
1166628,705.4164000000004
1166245,686.0034999999996
1167530,708.2284
1164820,726.4407999999992
1161385,697.4721999999995
1161517,699.4980999999997
1161792,688.2048999999995
1164862,723.5202000000002
1165253,710.3985
1166179,723.9172999999998
1167618,709.7916999999993
1169239,714.7221000000005
1169480,714.4482999999991
1169543,727.1669999999999
1166314,694.2126
1166562,650.7944999999997
1167935,715.3176000000002
1168108,733.5769000000005
1171729,697.3619000000002
1150259,706.5898000000002
1166843,730.5389799999998
1167070,630.2318
1167223,718.5223999999994
1164945,698.3242999999999
1165216,618.612300000001
1167526,625.6677999999998
1167595,713.562699999999
1165686,717.5535000000001
1165739,719.4305999999998
1161803,712.1648999999999
1161814,691.1759285714287
1161818,686.8200999999998
1161843,717.4447999999992
1161855,684.2334999999996
1161865,708.6910999999999
1161942,723.8327999999996
1163911,602.3502999999997
1152319,655.7255999999996
1152557,724.4282
1160901,685.6745999999998
1160978,699.1898999999995
1151259,622.9902000000001
1151477,605.7524999999994
1151267,613.5903
1151262,620.1417999999998
1150580,700.9267000000003
1150634,728.6600999999996
1152672,615.6286999999998
1152895,725.5656000000001
1152789,695.3656000000005
1174077,690.7906000000003
1163844,602.8933000000004
1164104,684.3911000000003
1164168,717.7247000000004
1166853,644.4998000000005
1167121,712.2903
1168511,726.1102999999996
1172620,720.2999000000004
1170557,742.1073000000001
1170578,706.1586000000009
1168922,726.2410000000002
1152666,685.4293999999999
1152838,712.5841833333335
1166784,734.9856999999997
1164532,639.3039000000002
1164704,731.1450999999996
1166178,716.0555333333346
1165279,701.6578999999997
1166493,713.9397000000006
1166515,714.942400000001
1166583,710.2000000000004
1159670,691.1747000000005
1160004,713.9281000000003
1165812,652.9795000000001
1163719,698.2834000000001
1162300,701.5036999999995
1161086,700.7155000000007
1161115,705.1008
1170082,766.1757000000002
1169768,690.683
1167624,725.6895999999999
1170310,715.1987749999998
1167901,713.7699999999998
1168038,733.6231000000002
1168170,740.7293999999997
1170725,723.4946000000007
1170779,702.1752999999995
1165546,692.4252000000006
1166807,729.237
1170599,719.3787
1170615,699.3409666666666
1168956,709.5382
1168987,714.627458333334
1165815,630.2525000000002
1173756,601.4069999999996
1175000,736.6665500000003
1175940,625.2537
1174445,733.8423999999997
1173323,659.3334000000001
1173369,716.5036999999998
1161387,710.9268000000005
1161582,692.0092999999996
1160979,686.76636
1161214,731.5129999999999
1161235,727.4559000000004
1161344,741.0964000000005
1152321,649.9404
1159682,709.3717999999997
1161696,713.6915000000001
1152347,725.3740999999995
1162649,717.4265999999999
1162643,731.1250999999997
1162921,679.1808000000008
1163118,712.1083000000002
1163180,683.8208999999998
1163380,724.9912000000005
1164792,761.1735999999993
1164949,636.1672
1164966,701.0456000000003
1164974,621.9986999999996
1165161,619.2286999999999
1165162,620.6521999999998
1168947,722.7412000000007
1167089,727.6157000000005
1167153,731.2289000000003
1163620,731.9782000000004
1166340,763.9646999999991
1166534,691.3154999999992
1166556,690.7603000000003
1166792,711.0216000000001
1167092,718.2326999999996
1151516,716.5093000000004
1167202,717.331999999999
1167612,705.2122199999998
1166929,732.5203999999997
1171407,695.1558000000001
1171463,707.6424
1169459,701.8650199999995
1169833,614.1579999999991
1169897,708.7176000000003
1167441,742.9926999999993
1167459,694.3401999999996
1167510,695.8655999999994
1167862,705.6001200000001
1164167,694.5105999999997
1164209,602.8818000000007
1169927,735.5416000000004
1170079,747.0994000000005
1170080,756.5238999999995
1170209,713.4431
1170278,716.4834999999999
1169656,683.0145000000007
1169651,732.5222
1167226,713.7126000000003
1166076,715.6164
1174737,737.3392000000001
1168487,678.5462999999999
1168985,713.8139
1171060,714.4385999999997
1173382,722.9309000000001
1173420,684.4496
1165214,716.0139
1165516,696.8435999999992
1165538,709.4189000000005
1165783,708.2451000000001
1160972,754.0455000000006
1160987,697.7670999999998
1160989,709.9782000000004
1161122,722.6168000000008
1161129,728.571699999999
1161141,751.8472
1161239,740.5156999999996
1161241,725.3281999999996
1161248,743.8843999999996
1161543,737.5120000000005
1164228,725.2871
1164950,636.1672
1162927,677.2376999999996
1162954,716.8908
1163120,705.8688000000001
1163135,693.5871500000009
1165822,728.4031000000004
1166008,698.7624000000002
1163453,684.3441000000001
1163717,700.7916999999991
1166301,658.5483000000012
1175311,686.4439
1168222,738.5514999999998
1166097,688.3465000000002
1166247,721.0361000000005
1163011,747.8577999999997
1163010,683.2864999999997
1161188,757.8012999999993
1161242,737.4257000000002
1164443,630.3190000000006
1170586,714.3523000000009
1173306,719.5117999999998
1173389,730.8938
1173415,693.8308999999999
1171059,714.4385999999997
1159764,690.9550999999996
1173054,724.277700000001
1162645,721.7127
1162698,738.3589999999998
1162746,733.8561999999998
1163030,700.1365000000002
1159676,727.3107999999996
1173357,736.8703
1174448,727.0229
1174449,722.6528000000004
1174465,692.0305999999994
1174953,695.9879
1175096,701.7615999999997
1163814,689.5792000000006
1164100,729.5002999999994
1161782,683.7505
1152894,720.4440999999993
1170323,742.6489000000001
1170325,714.2611999999998
1170387,721.6902000000003
1159612,691.6419999999998
1159695,733.7076999999994
1160091,679.2966000000008
1160578,685.1224000000005
1160794,711.453000000001
1161045,716.6405000000003
1151270,671.9927
1151265,655.0053999999994
1170980,702.8340999999999
1171424,718.7522999999995
1173608,689.186000000001
1173384,723.4029999999991
1173441,722.8326000000005
1173848,723.146
1169482,745.0878000000001
1170035,605.0825000000006
1170083,767.795
1160775,703.7268000000003
1160830,726.5122000000003
1160895,705.7642000000001
1161653,734.9609833333334
1162208,682.334
1163585,715.5253000000006
1163812,681.2715000000001
1163906,727.6991999999998
1166483,709.912299999999
1171875,729.0344000000001
1150959,723.2212000000004
1173662,686.4629000000006
1169720,722.3463000000004
1169767,691.8886
1174694,717.3201999999993
1170091,744.0851000000002
1170224,691.8644
1170555,723.720699999999
1170564,686.9010999999996
1161667,710.4306
1161864,707.0327999999994
1162377,751.9454999999999
1162697,745.2033000000004
1162706,736.0197999999996
1162694,673.5985999999992
1162832,704.928733333334
1163224,721.5375000000006
1163223,714.7727
1163750,719.5064000000001
1164154,694.1866999999999
1164547,709.7596499999996
1164675,728.4022000000004
1164665,724.277700000001
1164936,668.3822
1164992,636.3316999999997
1165327,739.9955999999991
1165544,664.2623999999996
1174395,751.7131999999999
1151979,701.5106285714288
1169311,697.9530000000007
1173578,644.0914000000007
1173736,734.2583000000002
1171874,719.7395000000006
1176132,730.4412999999997
1159691,685.1738999999999
1160662,631.4677000000012
1160797,710.3725000000003
1160900,679.8230000000004
1160902,714.6707999999999
1160941,714.9603000000004
1160980,722.7560999999997
1161091,720.5049000000004
1161201,712.8683000000004
1161377,738.0363000000001
1168827,706.7918000000008
1168885,601.5256999999992
1168911,732.0246
1157792,748.7287999999999
1173004,696.9997999999995
1174235,706.8734000000001
1174623,650.2139000000004
1160985,697.2169999999996
1161049,704.2173000000003
1161062,702.9327999999994
1161343,739.3742000000003
1161374,697.4139000000002
1161395,705.3086999999994
1172511,639.2533000000001
1168512,735.8120000000007
1168552,744.9997
1172096,736.7590999999998
1172503,683.5972999999996
1172714,617.2881000000007
1151740,689.2857000000008
1152314,649.6746000000002
1152484,672.7050999999996
1152659,688.5278000000003
1149677,705.0226999999998
1160518,745.0171999999994
1172560,714.9483000000006
1160433,701.6194000000006
1169331,708.5366999999999
1169512,712.6388999999997
1169531,704.801
1166915,639.6825000000005
1167203,719.1156999999995
1169791,691.1971999999994
1170138,722.6074999999996
1168251,733.9648000000004
1165816,631.4883000000011
1168609,729.2601000000001
1168884,688.0070999999996
1170781,712.5890000000004
1166810,724.1847
1171036,733.5477000000005
1168081,724.4611000000001
1162472,720.3048999999995
1162704,710.8644000000007
1162709,732.6229999999996
1162767,719.2629999999996
1164237,724.8448000000004
1170959,626.0651999999998
1171331,685.0441499999998
1171667,704.8821000000004
1172512,643.3506000000007
1176359,671.1763999999993
1176360,687.14
1175110,743.1641000000001
1173576,639.9370000000008
1173912,688.2963000000004
1152606,736.2721999999999
1170636,710.8651000000001
1170682,720.8296999999999
1170727,701.0042
1170206,717.6038000000007
1170210,711.2364999999998
1170291,688.9657000000003
1163986,691.5756999999998
1166481,638.3206999999998
1151897,707.0006000000003
1167461,681.5900000000001
1151339,713.6235999999996
1162831,718.1010999999993
1163769,712.2877999999994
1163839,738.8641000000005
1161222,739.6597999999993
1161502,725.5857
1163385,713.0896999999989
1163978,746.3855000000003
1166277,752.7841999999997
1167312,733.8934999999999
1167430,759.6346999999994
1164790,751.1170999999995
1162615,703.4642000000001
1161745,707.6424
1159671,725.2171000000008
1164907,748.229799999999
1166012,717.2322000000001
1166109,728.5858000000002
1169674,705.8296000000003
1166282,720.6335999999994
1166532,649.5497999999997
1166626,711.1204999999994
1167898,719.4479000000006
1167940,738.5432000000001
1168228,729.4379000000004
1168160,706.0351000000004
1171917,742.2704000000001
1172052,741.3971999999995
1150494,613.8331000000003
1152764,745.3583999999996
1152792,724.4280999999999
1152798,683.8222000000006
1167040,750.7552999999997
1167157,701.4339000000003
1164791,757.3889000000006
1164928,734.4285999999997
1165005,710.2258999999996
1165149,787.1779000000001
1165254,695.6647
1167596,715.9871999999995
1165362,729.9418000000001
1165397,748.0669999999997
1151213,747.1396999999997
1151211,733.2142999999991
1152249,735.2939000000002
1152551,734.7631000000001
1160878,637.2069000000005
1160966,722.1662999999994
1160974,731.2441000000002
1160102,718.1186000000001
1151643,749.1048999999999
1159959,709.0153999999993
1160206,708.4248999999988
1151077,646.2471999999997
1150931,724.3380000000004
1151510,684.0704000000002
1150528,691.8017999999997
1150638,711.9049000000003
1151258,620.6578
1151503,655.7519999999995
1162798,689.0610000000004
1162952,730.135800000001
1162984,730.3893000000005
1150687,752.9547000000001
1150955,722.7382000000003
1149181,696.9449000000003
1151656,693.9889
1152669,737.2938999999997
1152842,733.0382999999997
1152699,718.0240999999999
1152746,671.6581999999992
1152898,711.9176999999995
1158813,706.8709999999992
1164076,745.5455999999997
1166959,741.3437000000007
1167156,713.8975999999991
1167309,682.7255000000005
1168436,674.7728000000005
1168612,756.7104000000004
1168831,712.8887
1172561,718.5874999999994
1170222,692.3963999999994
1170321,691.3524999999998
1168858,727.8256999999996
1169254,715.7258999999998
1152531,725.8709999999992
1159754,722.1986000000009
1164416,678.3888000000002
1166079,606.1315999999995
1166130,689.0584999999996
1166202,687.3019999999993
1165019,726.7469999999993
1166518,705.4211999999997
1166624,640.0901000000003
1168394,685.0676999999996
1149815,717.4356000000002
1161987,701.3989000000003
1163672,707.3846699999993
1160882,728.3916000000002
1169571,722.877100000001
1169545,744.2116399999999
1169757,766.9769000000003
1169761,688.1850000000002
1167600,729.2678999999998
1167607,743.7403000000003
1170058,798.3215000000002
1170155,680.8836000000003
1170213,729.1990999999996
1170212,724.2870999999992
1170339,749.0509
1168109,754.3369000000001
1170646,721.9873
1166802,757.6162999999995
1167055,649.7841999999999
1170600,732.8671999999996
1170673,683.6899000000003
1168597,748.4625000000001
1165773,676.2678000000009
1166061,724.1206999999998
1166156,685.4775999999999
1175397,702.1870000000001
1173759,726.0016999999998
1175543,691.0468999999998
1171133,740.5863999999996
1172779,705.6623000000004
1174392,750.0035999999997
1174411,688.9005999999991
1174415,707.0763999999998
1174713,704.5740999999999
1173068,710.3184000000005
1151648,694.5519000000011
1152141,684.3639000000002
1151973,691.5544000000003
1161132,752.8973
1161682,729.4470999999996
1161711,686.9121299999999
1161733,711.3108000000009
1161153,683.1218000000008
1162174,723.0724999999999
1154299,706.8709999999992
1159914,690.7895999999996
1161991,726.7068000000003
1152620,698.2687999999999
1152582,738.9574999999994
1152580,714.5631999999991
1152663,680.8562999999999
1152661,690.6904000000004
1172208,702.2641000000004
1172337,731.2247
1162293,744.5973999999991
1152833,683.3235999999997
1152860,687.0832000000005
1163109,718.2971999999994
1164946,686.9312999999997
1169013,720.1599999999995
1169326,712.6026000000005
1167053,706.7695999999992
1167237,724.5332000000011
1166155,682.0748000000004
1166246,684.2551999999996
1166300,659.125500000001
1166434,715.2314000000002
1166579,737.1477000000003
1151456,682.9875999999998
1166919,749.2011999999996
1151515,718.0866000000004
1151392,753.1242000000001
1151396,731.7876999999999
1151661,709.024333333333
1152038,735.4620000000004
1167443,713.1831999999998
1151912,690.2621999999999
1152200,752.0554999999997
1152341,726.5789000000003
1152586,732.8382166666669
1167593,702.0772000000003
1167861,707.262
1168080,728.1557000000005
1173679,699.910799999999
1173928,717.8481000000002
1174027,723.4254000000001
1166818,708.3692999999992
1167041,749.9600999999996
1167349,737.9607999999996
1167503,753.1782000000002
1169221,715.069
1165570,724.5579000000001
1167598,735.7008999999998
1167589,730.8295000000002
1167601,697.6241499999998
1164128,749.1187999999999
1164207,698.187599999999
1164249,715.4879000000002
1164487,725.7500000000005
1170060,706.6530999999991
1170134,760.3199000000005
1170207,721.5272
1170261,710.8071999999999
1170978,743.7697000000006
1170136,726.8063999999998
1164106,736.0627000000003
1164146,712.8883499999996
1166956,747.0509000000001
1167060,721.3526
1165083,725.2461000000013
1165195,716.7231999999999
1165225,768.2238000000004
1165375,729.5969999999994
1167623,730.9755999999995
1167890,750.0026999999993
1166058,691.1158000000003
1166104,704.1595000000002
1170676,729.7897000000002
1171034,641.8933000000007
1171444,709.9425000000006
1165515,745.3344999999998
1150271,735.1259000000002
1176726,706.1292000000008
1160438,709.7844
1161172,602.0126999999997
1161137,703.5363000000004
1163181,730.1242999999998
1163521,711.6613000000001
1161383,686.1159000000001
1161721,685.1574499999997
1162111,723.2805000000002
1161943,710.6225000000007
1164250,704.3422000000003
1162330,764.0090000000005
1162509,733.5277999999997
1165357,748.3437000000001
1165378,701.2570999999999
1162837,686.3078000000004
1162925,683.6607
1162985,639.4373000000003
1163377,707.6642999999993
1165745,711.0795999999998
1163546,756.6024999999993
1163977,692.0089999999998
1166045,687.0302000000001
1166119,722.699
1166255,733.8589999999999
1175087,779.5853
1175104,738.0823999999999
1175762,710.0057999999999
1166495,744.2784000000001
1162723,723.191100000001
1176051,733.3949999999998
1162988,637.4636000000006
1162998,726.5321000000008
1161379,733.832700000001
1161499,724.3835999999999
1172302,733.2944
1172334,696.6782999999997
1172819,705.3267999999989
1151678,726.1373999999997
1164265,713.2911000000007
1164808,709.4698000000005
1171061,695.6548000000006
1172629,727.6429999999991
1162817,690.2826000000002
1162951,722.1867000000007
1163019,728.6457999999996
1153234,716.7218000000007
1159731,672.0325999999995
1175107,735.4817999999995
1163847,603.1711999999998
1164171,695.4790999999998
1169890,723.0481000000001
1152901,723.0654999999996
1159049,724.4689999999999
1169905,652.4359
1170970,738.1229
1161085,689.0384500000007
1171442,706.7564000000003
1173310,731.5374000000005
1173359,710.2824999999995
1173422,703.7760000000001
1173449,698.9050999999996
1173478,720.9104000000007
1173605,605.3603999999999
1173729,749.4764999999998
1169419,773.8007000000007
1149779,722.9296999999999
1169786,618.2536999999998
1160942,699.8334999999996
1161046,720.1113000000004
1161350,698.5266999999999
1161534,693.9956999999998
1162933,734.6373999999989
1163064,734.9877000000005
1163645,643.8145000000003
1163668,693.8665000000005
1166638,733.7701999999994
1172219,694.7243000000002
1150595,721.1787999999998
1173397,705.0357999999995
1173676,740.4873999999999
1173691,689.5566000000003
1173841,746.3363999999995
1174710,708.4883999999994
1169654,711.9893000000001
1169730,719.1969000000004
1174661,690.6864000000002
1175124,719.3424000000005
1170236,729.8520999999995
1170297,729.0157999999997
1170376,718.1685000000008
1170675,721.7807999999998
1170678,727.7011999999999
1161883,678.9994999999994
1162469,727.5620000000007
1162977,688.071099999999
1163482,711.4382000000002
1163653,704.034299999999
1163845,602.8933000000004
1164195,756.5190000000002
1164445,632.0985000000002
1164474,703.2500000000006
1164984,794.2376000000005
1165341,630.0944999999992
1174350,739.1852
1169250,735.0133000000002
1169500,724.0809000000003
1171665,745.6907999999994
1161681,696.2359999999999
1175105,746.7915999999996
1175125,708.2657999999996
1149184,733.4070000000002
1149760,698.1123999999999
1150235,694.4114999999999
1150632,727.3277999999998
1150527,691.6827999999994
1150525,693.9642000000007
1169220,741.6440999999993
1154015,729.5478000000006
1174450,724.3171999999996
1175918,730.9263000000005
1176244,681.7203399999999
1160986,701.7507000000008
1172069,731.3891999999995
1172223,694.6183999999998
1172209,730.2028000000003
1172253,755.6099000000005
1172335,695.3012999999997
1172352,731.6509000000009
1148685,707.5800999999992
1168124,728.0735999999996
1168355,743.3177000000005
1172939,751.1893000000003
1149198,693.1550000000003
1168832,683.8775400000002
1169019,739.2744999999999
1150961,708.2139999999996
1150958,701.3908999999994
1150954,720.2358
1151450,713.0504999999998
1152542,738.4025999999997
1152668,685.0799999999996
1149180,738.889599999999
1149754,699.6543
1160103,726.3664999999994
1172507,741.7393999999999
1174117,716.4751000000001
1174393,750.8181999999996
1147750,707.2821
1173096,748.4371999999998
1150647,714.0072999999992
1150669,746.5968
1150604,703.5609
1150648,726.1103999999995
1151498,685.9109
1151393,746.5468000000001
1151734,704.8620000000009
1151649,688.8738999999998
1151653,698.1501000000005
1152587,733.4447999999998
1152686,718.7349
1169751,732.6610999999992
1168953,729.7869999999994
1169249,722.9015999999997
1167587,726.0356000000002
1167833,749.1031999999993
1167860,726.2574
1167881,732.3502999999992
1165818,629.4218999999995
1165819,626.7806999999998
1166047,718.1622999999998
1166157,685.8403999999999
1168667,720.4045000000002
1168856,739.5986999999997
1168874,721.7119999999995
1170965,753.3727999999996
1166324,710.3459000000009
1166319,728.1357999999996
1166808,737.5773000000003
1171352,731.5887000000004
1168981,713.475399999999
1171332,685.1914999999998
1165975,719.7093
1165972,728.6605999999996
1166276,746.7440399999998
1168100,609.0705000000007
1162492,726.5197999999998
1162617,701.7119000000004
1164248,702.9299000000002
1168872,716.4874999999998
1170945,680.2011000000003
1171135,725.5967999999992
1171131,748.6186000000001
1165988,736.3453999999994
1175074,726.8360000000005
1175101,772.5244000000006
1173705,764.6825000000005
1173762,731.2432999999993
1152248,737.0464250000006
1151003,652.0057000000002
1170614,730.0759999999993
1170706,737.8568999999993
1162743,717.1287
1164880,717.4323000000004
1166812,727.1073999999999
1168103,723.8236999999988
1166889,723.1920000000002
1151094,710.3411999999996
1151478,719.9203000000001
1149681,710.8649999999999
1151301,724.6076000000003
1172213,702.8549999999996
1172780,743.9581000000005
1162567,714.2162
1160779,699.3733999999997
1169854,697.3786000000001
1170263,716.922399999999
1168104,723.874099999999
1170635,722.4467000000005
1174086,734.4605999999992
1171471,714.4746999999995
1150237,716.1717
1163456,686.2821999999994
1161064,681.6465000000001
1150919,706.6827999999996
1166203,693.6878999999999
1152335,724.3947000000003
1172671,721.2374000000003
1164266,724.367
1165250,732.6986000000002
1149778,708.3350999999998
1150238,705.7154000000003
1164793,710.5132000000002
1164794,708.2458
1162540,698.9999500000011
1175352,693.2564000000001
1172304,741.3718999999993
1172565,685.1405000000004
1172673,686.2381199999995
1174085,733.1374
1170679,743.2001621428566
1172556,722.1096000000008
1173588,692.5502666666666
1173952,724.8031000000001
1160805,687.0954500000003
1172104,761.4132000000002
1150924,714.6775
1151087,729.3396999999994
1174406,687.9340999999997
1169855,704.1510999999998
1169332,696.3098999999995
1173877,690.6894999999994
1173951,706.8054000000008
1161065,689.9869999999991
1161423,685.2156999999995
1172211,701.9663
1172566,730.8414999999995
1150935,727.8338000000005
1151086,725.3084999999996
1151306,727.5041000000003
1151285,718.7639000000001
1151703,696.1872000000004
1149690,716.6841000000002
1149680,717.0489000000006
1172564,689.2408000000001
1174435,686.6310999999997
1172649,735.5889999999999
1172650,714.5725500000007
1174436,696.3674999999998
1151699,599.6966999999995
1169474,689.5452000000009
1168348,757.4368999999995
1171727,706.7311
2605395,2509.6582999999964
2614662,2326.4215000000017
2614660,2250.604300000001
2618020,2149.9550000000013
2615998,2553.434999999999
2606857,2514.6586000000007
2610376,2562.5335999999998
2611398,1405.8878999999986
2594956,3152.3220000000006
2592239,2420.6243000000004
2598151,2319.5950000000016
2597963,2332.5564
2615093,2483.7834999999973
2614927,2484.2748999999976
2611617,2340.9468999999963
2621340,896.4735
2611673,892.4456000000007
2616593,888.8055999999998
2603860,892.5399999999998
2613015,895.0730999999998
2613014,893.1566999999991
2603200,887.5882000000008
2623392,1566.3075000000003
2602658,2554.433899999999
2605934,2296.616500000002
2605933,2297.666900000002
2615057,778.1909499999998
2615058,778.17575
2615793,886.0923999999997
2615775,886.2887000000001
2600545,892.8216999999997
2604373,888.136
2588276,884.7944999999991
2620494,2249.2593999999967
2608409,887.7841000000004
2607698,883.3667000000006
2607697,893.9945999999995
2608841,2543.6784000000002
2608355,2481.709099999998
2608354,2638.8198999999986
2604079,887.1769999999993
2613135,2661.0145000000007
2615668,2638.797700000002
2601926,1557.8241999999993
2613053,896.2864999999987
2617305,899.0937000000006
2613127,900.1170999999999
2613125,901.7741999999998
2608629,900.1509999999992
2608633,898.7922000000004
2608634,901.9766999999999
2603189,898.1721999999993
2593751,890.7747999999997
2615540,2777.446499999999
2604253,885.2161000000004
2616697,898.8140999999991
2616696,900.3962999999987
2608632,903.3266999999997
2608631,906.7739000000003
2614656,906.5634999999991
2613051,898.2357999999984
2608394,899.4926000000003
2608395,896.2984000000001
2619769,892.2379999999991
2619763,895.318
2612598,891.1463999999987
2607719,899.9718000000008
2609940,895.9231000000007
2608401,890.8390999999991
2618240,892.9754000000005
2622991,890.9338000000005
2608717,886.1595999999997
2608716,875.8285
2621101,890.0041
2618237,894.9637000000006
2604942,886.8609999999993
2599212,888.8719000000003
2603033,886.9768000000003
2609944,892.1518
2609943,895.7705000000004
2617811,888.2795000000006
2617810,889.7410000000008
2617140,897.6454000000003
2618441,896.7719000000002
2599022,743.6488000000005
2619765,896.5339000000007
2617282,895.067
2617297,891.2935000000001
2604782,889.6755000000006
2612718,889.0103000000004
2619589,889.2356999999995
2619590,889.2968999999997
2605000,894.5179000000006
2604938,889.3273000000013
2604999,891.6991000000003
2593752,892.9992999999989
2588281,882.1255999999994
2588282,882.3458999999992
2588283,878.7268999999993
2621490,895.2986000000004
